[
  {
    "model": "foodcartapp.order",
    "pk": 1,
    "fields": {
      "status": "new",
      "payment_method": "cash",
      "restaurant": 4,
      "comment": "",
      "latitude": null,
      "longitude": null,
      "firstname": "Маркел",
      "lastname": "Иванов",
      "phonenumber": "+79048908292",
      "address": "Улица Партизана Железняка, 34а",
      "created_at": "2025-04-16T18:16:51.669Z",
      "called_at": "2025-04-16T18:16:00Z",
      "delivered_at": "2025-04-17T19:16:33Z"
    }
  },
  {
    "model": "foodcartapp.orderitem",
    "pk": 1,
    "fields": {
      "order": 1,
      "product": 3,
      "quantity": 1,
      "fixed_price": "200.00"
    }
  },
  {
    "model": "foodcartapp.orderitem",
    "pk": 2,
    "fields": {
      "order": 1,
      "product": 5,
      "quantity": 2,
      "fixed_price": "250.00"
    }
  },
  {
    "model": "foodcartapp.orderitem",
    "pk": 3,
    "fields": {
      "order": 1,
      "product": 2,
      "quantity": 1,
      "fixed_price": "140.00"
    }
  },
  {
    "model": "foodcartapp.restaurant",
    "pk": 1,
    "fields": {
      "name": "Вкусно ешь",
      "address": "Москва, ул. Новый Арбат, 55",
      "contact_phone": "+7 (929) 949-55-55",
      "latitude": null,
      "longitude": null
    }
  },
  {
    "model": "foodcartapp.restaurant",
    "pk": 2,
    "fields": {
      "name": "Невский",
      "address": "Москва, Красная площадь, 11",
      "contact_phone": "+7 (967) 157-44-13",
      "latitude": null,
      "longitude": null
    }
  },
  {
    "model": "foodcartapp.restaurant",
    "pk": 3,
    "fields": {
      "name": "Star Burger Европейский",
      "address": "Москва, пл. Киевского Вокзала, 2",
      "contact_phone": "+7 (929) 680-47-58",
      "latitude": null,
      "longitude": null
    }
  },
  {
    "model": "foodcartapp.restaurant",
    "pk": 4,
    "fields": {
      "name": "Star Burger Цветной",
      "address": "Москва, Цветной бульвар, 11с2",
      "contact_phone": "+7 (929) 949-55-36",
      "latitude": null,
      "longitude": null
    }
  },
  {
    "model": "foodcartapp.restaurant",
    "pk": 5,
    "fields": {
      "name": "Star Burger Арбат",
      "address": "Калуга, ул. Новый Арбат, 15",
      "contact_phone": "+7 (967) 157-44-13",
      "latitude": null,
      "longitude": null
    }
  },
  {
    "model": "foodcartapp.productcategory",
    "pk": 1,
    "fields": {
      "name": "Ролл"
    }
  },
  {
    "model": "foodcartapp.productcategory",
    "pk": 2,
    "fields": {
      "name": "Бургер"
    }
  },
  {
    "model": "foodcartapp.product",
    "pk": 1,
    "fields": {
      "name": "Шримп Ролл",
      "category": 1,
      "price": "209.00",
      "image": "shrimp_roll_fF51FKR_O85AGu3.jpg",
      "special_status": false,
      "description": "Легкий ролл с нежными королевскими креветками в хрустящей панировке, свежий салат Айсберг и ломтик сыра в пшеничной лепешке под фирменным соусом «Кинг».",
      "is_available": true,
      "comment": "",
      "restaurant": 5,
      "payment_method": "cash"
    }
  },
  {
    "model": "foodcartapp.product",
    "pk": 2,
    "fields": {
      "name": "Фиш Ролл",
      "category": 1,
      "price": "199.00",
      "image": "fish_roll_hJh6RWM_zKKb1CU.jpg",
      "special_status": false,
      "description": "Наш новый ролл с аппетитной котлеткой из филе белой рыбы, с фирменным соусом, маринованными огурчиками и хрустящим салатом. Легкое рыбное удовольствие!",
      "is_available": true,
      "comment": "",
      "restaurant": 4,
      "payment_method": "cash"
    }
  },
  {
    "model": "foodcartapp.product",
    "pk": 3,
    "fields": {
      "name": "Беконайзер",
      "category": 2,
      "price": "319.00",
      "image": "beconizer_9zxx095_lVXcOXO.jpg",
      "special_status": false,
      "description": "\"Встречай самый внушительный бургер в коллекции Бургер Кинг. Много мяса, много бекона и много сыра - все, как ты любишь, и ничего лишнего!",
      "is_available": true,
      "comment": "",
      "restaurant": 5,
      "payment_method": "cash"
    }
  },
  {
    "model": "foodcartapp.product",
    "pk": 4,
    "fields": {
      "name": "Тройной Воппер",
      "category": 2,
      "price": "369.00",
      "image": "triple_vopper_sYAB2fg_2qwnduA.jpg",
      "special_status": false,
      "description": "ВОППЕР® — это вкуснейшая приготовленная на огне 100% говядина с сочными помидорами, свежим нарезанным листовым салатом, густым майонезом, хрустящими маринованными огурчиками и свежим луком",
      "is_available": true,
      "comment": "",
      "restaurant": 5,
      "payment_method": "cash"
    }
  },
  {
    "model": "foodcartapp.product",
    "pk": 5,
    "fields": {
      "name": "Лонг Чизбургер",
      "category": 2,
      "price": "219.00",
      "image": "long_chiz_S6sUz9M_bxfXjS8.jpg",
      "special_status": false,
      "description": "Лонг Чизбургер – эталон в коллекции чизбургеров! Два приготовленных на огне бифштекса с двумя ломтиками слегка расплавленного сыра, хрустящими огурчиками, рубленым луком, горчицей и кетчупом",
      "is_available": true,
      "comment": "",
      "restaurant": 4,
      "payment_method": "cash"
    }
  },
  {
    "model": "foodcartapp.product",
    "pk": 6,
    "fields": {
      "name": "Стейкхаус",
      "category": 2,
      "price": "269.00",
      "image": "steak_M9Go2UC_W56EGgS.jpg",
      "special_status": false,
      "description": "Стейкхаус – это сочетание нашей фирменной, приготовленной на огне 100% говядины с ломтиками бекона и соусом «Барбекю», майонезом, листьями свежего салата, помидором и хрустящим луком на воздушной було",
      "is_available": true,
      "comment": "",
      "restaurant": 5,
      "payment_method": "cash"
    }
  },
  {
    "model": "foodcartapp.restaurantmenuitem",
    "pk": 1,
    "fields": {
      "restaurant": 4,
      "product": 1,
      "availability": true
    }
  },
  {
    "model": "foodcartapp.restaurantmenuitem",
    "pk": 2,
    "fields": {
      "restaurant": 3,
      "product": 2,
      "availability": true
    }
  },
  {
    "model": "foodcartapp.restaurantmenuitem",
    "pk": 3,
    "fields": {
      "restaurant": 1,
      "product": 2,
      "availability": true
    }
  },
  {
    "model": "foodcartapp.restaurantmenuitem",
    "pk": 4,
    "fields": {
      "restaurant": 2,
      "product": 2,
      "availability": true
    }
  },
  {
    "model": "foodcartapp.restaurantmenuitem",
    "pk": 5,
    "fields": {
      "restaurant": 1,
      "product": 3,
      "availability": true
    }
  },
  {
    "model": "foodcartapp.restaurantmenuitem",
    "pk": 6,
    "fields": {
      "restaurant": 2,
      "product": 3,
      "availability": true
    }
  },
  {
    "model": "foodcartapp.restaurantmenuitem",
    "pk": 7,
    "fields": {
      "restaurant": 4,
      "product": 3,
      "availability": true
    }
  },
  {
    "model": "foodcartapp.restaurantmenuitem",
    "pk": 8,
    "fields": {
      "restaurant": 3,
      "product": 3,
      "availability": true
    }
  },
  {
    "model": "foodcartapp.restaurantmenuitem",
    "pk": 9,
    "fields": {
      "restaurant": 1,
      "product": 4,
      "availability": true
    }
  },
  {
    "model": "foodcartapp.restaurantmenuitem",
    "pk": 10,
    "fields": {
      "restaurant": 2,
      "product": 4,
      "availability": true
    }
  },
  {
    "model": "foodcartapp.restaurantmenuitem",
    "pk": 11,
    "fields": {
      "restaurant": 4,
      "product": 4,
      "availability": true
    }
  },
  {
    "model": "foodcartapp.restaurantmenuitem",
    "pk": 12,
    "fields": {
      "restaurant": 3,
      "product": 4,
      "availability": true
    }
  },
  {
    "model": "foodcartapp.restaurantmenuitem",
    "pk": 13,
    "fields": {
      "restaurant": 1,
      "product": 5,
      "availability": true
    }
  },
  {
    "model": "foodcartapp.restaurantmenuitem",
    "pk": 14,
    "fields": {
      "restaurant": 2,
      "product": 5,
      "availability": true
    }
  },
  {
    "model": "foodcartapp.restaurantmenuitem",
    "pk": 15,
    "fields": {
      "restaurant": 3,
      "product": 5,
      "availability": true
    }
  },
  {
    "model": "foodcartapp.restaurantmenuitem",
    "pk": 16,
    "fields": {
      "restaurant": 5,
      "product": 5,
      "availability": true
    }
  },
  {
    "model": "foodcartapp.restaurantmenuitem",
    "pk": 17,
    "fields": {
      "restaurant": 4,
      "product": 6,
      "availability": true
    }
  },
  {
    "model": "foodcartapp.restaurantmenuitem",
    "pk": 18,
    "fields": {
      "restaurant": 3,
      "product": 6,
      "availability": true
    }
  },
  {
    "model": "foodcartapp.restaurantmenuitem",
    "pk": 19,
    "fields": {
      "restaurant": 2,
      "product": 6,
      "availability": true
    }
  },
  {
    "model": "foodcartapp.restaurantmenuitem",
    "pk": 20,
    "fields": {
      "restaurant": 1,
      "product": 6,
      "availability": true
    }
  },
  {
    "model": "geocoder.addresscoordinates",
    "pk": 1,
    "fields": {
      "address": "Москва, ул. Новый Арбат, 55",
      "latitude": null,
      "longitude": null,
      "updated_at": "2025-04-16T17:58:28.291Z"
    }
  },
  {
    "model": "geocoder.addresscoordinates",
    "pk": 2,
    "fields": {
      "address": "Москва, Красная площадь, 11",
      "latitude": null,
      "longitude": null,
      "updated_at": "2025-04-16T17:58:54.460Z"
    }
  },
  {
    "model": "geocoder.addresscoordinates",
    "pk": 3,
    "fields": {
      "address": "Москва, пл. Киевского Вокзала, 2",
      "latitude": null,
      "longitude": null,
      "updated_at": "2025-04-16T17:59:21.229Z"
    }
  },
  {
    "model": "geocoder.addresscoordinates",
    "pk": 4,
    "fields": {
      "address": "Москва, Цветной бульвар, 11с2",
      "latitude": null,
      "longitude": null,
      "updated_at": "2025-04-16T17:59:52.493Z"
    }
  },
  {
    "model": "geocoder.addresscoordinates",
    "pk": 5,
    "fields": {
      "address": "Калуга, ул. Новый Арбат, 15",
      "latitude": null,
      "longitude": null,
      "updated_at": "2025-04-16T18:00:16.394Z"
    }
  },
  {
    "model": "geocoder.addresscoordinates",
    "pk": 6,
    "fields": {
      "address": "Улица Партизана Железняка, 34а",
      "latitude": null,
      "longitude": null,
      "updated_at": "2025-04-16T18:16:51.667Z"
    }
  },
  {
    "model": "admin.logentry",
    "pk": 1,
    "fields": {
      "action_time": "2025-04-16T17:57:28.428Z",
      "user": 1,
      "content_type": 3,
      "object_id": "1",
      "object_repr": "Ролл",
      "action_flag": 1,
      "change_message": "[{\"added\": {}}]"
    }
  },
  {
    "model": "admin.logentry",
    "pk": 2,
    "fields": {
      "action_time": "2025-04-16T17:57:33.466Z",
      "user": 1,
      "content_type": 3,
      "object_id": "2",
      "object_repr": "Бургер",
      "action_flag": 1,
      "change_message": "[{\"added\": {}}]"
    }
  },
  {
    "model": "admin.logentry",
    "pk": 3,
    "fields": {
      "action_time": "2025-04-16T17:58:28.296Z",
      "user": 1,
      "content_type": 4,
      "object_id": "1",
      "object_repr": "Вкусно ешь",
      "action_flag": 1,
      "change_message": "[{\"added\": {}}]"
    }
  },
  {
    "model": "admin.logentry",
    "pk": 4,
    "fields": {
      "action_time": "2025-04-16T17:58:54.464Z",
      "user": 1,
      "content_type": 4,
      "object_id": "2",
      "object_repr": "Невский",
      "action_flag": 1,
      "change_message": "[{\"added\": {}}]"
    }
  },
  {
    "model": "admin.logentry",
    "pk": 5,
    "fields": {
      "action_time": "2025-04-16T17:59:21.233Z",
      "user": 1,
      "content_type": 4,
      "object_id": "3",
      "object_repr": "Star Burger Европейский",
      "action_flag": 1,
      "change_message": "[{\"added\": {}}]"
    }
  },
  {
    "model": "admin.logentry",
    "pk": 6,
    "fields": {
      "action_time": "2025-04-16T17:59:52.496Z",
      "user": 1,
      "content_type": 4,
      "object_id": "4",
      "object_repr": "Star Burger Цветной",
      "action_flag": 1,
      "change_message": "[{\"added\": {}}]"
    }
  },
  {
    "model": "admin.logentry",
    "pk": 7,
    "fields": {
      "action_time": "2025-04-16T18:00:16.397Z",
      "user": 1,
      "content_type": 4,
      "object_id": "5",
      "object_repr": "Star Burger Арбат",
      "action_flag": 1,
      "change_message": "[{\"added\": {}}]"
    }
  },
  {
    "model": "admin.logentry",
    "pk": 8,
    "fields": {
      "action_time": "2025-04-16T18:07:55.563Z",
      "user": 1,
      "content_type": 2,
      "object_id": "1",
      "object_repr": "Шримп Ролл",
      "action_flag": 1,
      "change_message": "[{\"added\": {}}, {\"added\": {\"name\": \"\\u043f\\u0443\\u043d\\u043a\\u0442 \\u043c\\u0435\\u043d\\u044e \\u0440\\u0435\\u0441\\u0442\\u043e\\u0440\\u0430\\u043d\\u0430\", \"object\": \"Star Burger \\u0426\\u0432\\u0435\\u0442\\u043d\\u043e\\u0439 - \\u0428\\u0440\\u0438\\u043c\\u043f \\u0420\\u043e\\u043b\\u043b\"}}]"
    }
  },
  {
    "model": "admin.logentry",
    "pk": 9,
    "fields": {
      "action_time": "2025-04-16T18:09:40.204Z",
      "user": 1,
      "content_type": 2,
      "object_id": "2",
      "object_repr": "Фиш Ролл",
      "action_flag": 1,
      "change_message": "[{\"added\": {}}, {\"added\": {\"name\": \"\\u043f\\u0443\\u043d\\u043a\\u0442 \\u043c\\u0435\\u043d\\u044e \\u0440\\u0435\\u0441\\u0442\\u043e\\u0440\\u0430\\u043d\\u0430\", \"object\": \"Star Burger \\u0415\\u0432\\u0440\\u043e\\u043f\\u0435\\u0439\\u0441\\u043a\\u0438\\u0439 - \\u0424\\u0438\\u0448 \\u0420\\u043e\\u043b\\u043b\"}}, {\"added\": {\"name\": \"\\u043f\\u0443\\u043d\\u043a\\u0442 \\u043c\\u0435\\u043d\\u044e \\u0440\\u0435\\u0441\\u0442\\u043e\\u0440\\u0430\\u043d\\u0430\", \"object\": \"\\u0412\\u043a\\u0443\\u0441\\u043d\\u043e \\u0435\\u0448\\u044c - \\u0424\\u0438\\u0448 \\u0420\\u043e\\u043b\\u043b\"}}, {\"added\": {\"name\": \"\\u043f\\u0443\\u043d\\u043a\\u0442 \\u043c\\u0435\\u043d\\u044e \\u0440\\u0435\\u0441\\u0442\\u043e\\u0440\\u0430\\u043d\\u0430\", \"object\": \"\\u041d\\u0435\\u0432\\u0441\\u043a\\u0438\\u0439 - \\u0424\\u0438\\u0448 \\u0420\\u043e\\u043b\\u043b\"}}]"
    }
  },
  {
    "model": "admin.logentry",
    "pk": 10,
    "fields": {
      "action_time": "2025-04-16T18:11:01.437Z",
      "user": 1,
      "content_type": 2,
      "object_id": "3",
      "object_repr": "Беконайзер",
      "action_flag": 1,
      "change_message": "[{\"added\": {}}, {\"added\": {\"name\": \"\\u043f\\u0443\\u043d\\u043a\\u0442 \\u043c\\u0435\\u043d\\u044e \\u0440\\u0435\\u0441\\u0442\\u043e\\u0440\\u0430\\u043d\\u0430\", \"object\": \"\\u0412\\u043a\\u0443\\u0441\\u043d\\u043e \\u0435\\u0448\\u044c - \\u0411\\u0435\\u043a\\u043e\\u043d\\u0430\\u0439\\u0437\\u0435\\u0440\"}}, {\"added\": {\"name\": \"\\u043f\\u0443\\u043d\\u043a\\u0442 \\u043c\\u0435\\u043d\\u044e \\u0440\\u0435\\u0441\\u0442\\u043e\\u0440\\u0430\\u043d\\u0430\", \"object\": \"\\u041d\\u0435\\u0432\\u0441\\u043a\\u0438\\u0439 - \\u0411\\u0435\\u043a\\u043e\\u043d\\u0430\\u0439\\u0437\\u0435\\u0440\"}}, {\"added\": {\"name\": \"\\u043f\\u0443\\u043d\\u043a\\u0442 \\u043c\\u0435\\u043d\\u044e \\u0440\\u0435\\u0441\\u0442\\u043e\\u0440\\u0430\\u043d\\u0430\", \"object\": \"Star Burger \\u0426\\u0432\\u0435\\u0442\\u043d\\u043e\\u0439 - \\u0411\\u0435\\u043a\\u043e\\u043d\\u0430\\u0439\\u0437\\u0435\\u0440\"}}, {\"added\": {\"name\": \"\\u043f\\u0443\\u043d\\u043a\\u0442 \\u043c\\u0435\\u043d\\u044e \\u0440\\u0435\\u0441\\u0442\\u043e\\u0440\\u0430\\u043d\\u0430\", \"object\": \"Star Burger \\u0415\\u0432\\u0440\\u043e\\u043f\\u0435\\u0439\\u0441\\u043a\\u0438\\u0439 - \\u0411\\u0435\\u043a\\u043e\\u043d\\u0430\\u0439\\u0437\\u0435\\u0440\"}}]"
    }
  },
  {
    "model": "admin.logentry",
    "pk": 11,
    "fields": {
      "action_time": "2025-04-16T18:12:21.047Z",
      "user": 1,
      "content_type": 2,
      "object_id": "4",
      "object_repr": "Тройной Воппер",
      "action_flag": 1,
      "change_message": "[{\"added\": {}}, {\"added\": {\"name\": \"\\u043f\\u0443\\u043d\\u043a\\u0442 \\u043c\\u0435\\u043d\\u044e \\u0440\\u0435\\u0441\\u0442\\u043e\\u0440\\u0430\\u043d\\u0430\", \"object\": \"\\u0412\\u043a\\u0443\\u0441\\u043d\\u043e \\u0435\\u0448\\u044c - \\u0422\\u0440\\u043e\\u0439\\u043d\\u043e\\u0439 \\u0412\\u043e\\u043f\\u043f\\u0435\\u0440\"}}, {\"added\": {\"name\": \"\\u043f\\u0443\\u043d\\u043a\\u0442 \\u043c\\u0435\\u043d\\u044e \\u0440\\u0435\\u0441\\u0442\\u043e\\u0440\\u0430\\u043d\\u0430\", \"object\": \"\\u041d\\u0435\\u0432\\u0441\\u043a\\u0438\\u0439 - \\u0422\\u0440\\u043e\\u0439\\u043d\\u043e\\u0439 \\u0412\\u043e\\u043f\\u043f\\u0435\\u0440\"}}, {\"added\": {\"name\": \"\\u043f\\u0443\\u043d\\u043a\\u0442 \\u043c\\u0435\\u043d\\u044e \\u0440\\u0435\\u0441\\u0442\\u043e\\u0440\\u0430\\u043d\\u0430\", \"object\": \"Star Burger \\u0426\\u0432\\u0435\\u0442\\u043d\\u043e\\u0439 - \\u0422\\u0440\\u043e\\u0439\\u043d\\u043e\\u0439 \\u0412\\u043e\\u043f\\u043f\\u0435\\u0440\"}}, {\"added\": {\"name\": \"\\u043f\\u0443\\u043d\\u043a\\u0442 \\u043c\\u0435\\u043d\\u044e \\u0440\\u0435\\u0441\\u0442\\u043e\\u0440\\u0430\\u043d\\u0430\", \"object\": \"Star Burger \\u0415\\u0432\\u0440\\u043e\\u043f\\u0435\\u0439\\u0441\\u043a\\u0438\\u0439 - \\u0422\\u0440\\u043e\\u0439\\u043d\\u043e\\u0439 \\u0412\\u043e\\u043f\\u043f\\u0435\\u0440\"}}]"
    }
  },
  {
    "model": "admin.logentry",
    "pk": 12,
    "fields": {
      "action_time": "2025-04-16T18:13:33.723Z",
      "user": 1,
      "content_type": 2,
      "object_id": "5",
      "object_repr": "Лонг Чизбургер",
      "action_flag": 1,
      "change_message": "[{\"added\": {}}, {\"added\": {\"name\": \"\\u043f\\u0443\\u043d\\u043a\\u0442 \\u043c\\u0435\\u043d\\u044e \\u0440\\u0435\\u0441\\u0442\\u043e\\u0440\\u0430\\u043d\\u0430\", \"object\": \"\\u0412\\u043a\\u0443\\u0441\\u043d\\u043e \\u0435\\u0448\\u044c - \\u041b\\u043e\\u043d\\u0433 \\u0427\\u0438\\u0437\\u0431\\u0443\\u0440\\u0433\\u0435\\u0440\"}}, {\"added\": {\"name\": \"\\u043f\\u0443\\u043d\\u043a\\u0442 \\u043c\\u0435\\u043d\\u044e \\u0440\\u0435\\u0441\\u0442\\u043e\\u0440\\u0430\\u043d\\u0430\", \"object\": \"\\u041d\\u0435\\u0432\\u0441\\u043a\\u0438\\u0439 - \\u041b\\u043e\\u043d\\u0433 \\u0427\\u0438\\u0437\\u0431\\u0443\\u0440\\u0433\\u0435\\u0440\"}}, {\"added\": {\"name\": \"\\u043f\\u0443\\u043d\\u043a\\u0442 \\u043c\\u0435\\u043d\\u044e \\u0440\\u0435\\u0441\\u0442\\u043e\\u0440\\u0430\\u043d\\u0430\", \"object\": \"Star Burger \\u0415\\u0432\\u0440\\u043e\\u043f\\u0435\\u0439\\u0441\\u043a\\u0438\\u0439 - \\u041b\\u043e\\u043d\\u0433 \\u0427\\u0438\\u0437\\u0431\\u0443\\u0440\\u0433\\u0435\\u0440\"}}, {\"added\": {\"name\": \"\\u043f\\u0443\\u043d\\u043a\\u0442 \\u043c\\u0435\\u043d\\u044e \\u0440\\u0435\\u0441\\u0442\\u043e\\u0440\\u0430\\u043d\\u0430\", \"object\": \"Star Burger \\u0410\\u0440\\u0431\\u0430\\u0442 - \\u041b\\u043e\\u043d\\u0433 \\u0427\\u0438\\u0437\\u0431\\u0443\\u0440\\u0433\\u0435\\u0440\"}}]"
    }
  },
  {
    "model": "admin.logentry",
    "pk": 13,
    "fields": {
      "action_time": "2025-04-16T18:14:37.294Z",
      "user": 1,
      "content_type": 2,
      "object_id": "6",
      "object_repr": "Стейкхаус",
      "action_flag": 1,
      "change_message": "[{\"added\": {}}, {\"added\": {\"name\": \"\\u043f\\u0443\\u043d\\u043a\\u0442 \\u043c\\u0435\\u043d\\u044e \\u0440\\u0435\\u0441\\u0442\\u043e\\u0440\\u0430\\u043d\\u0430\", \"object\": \"Star Burger \\u0426\\u0432\\u0435\\u0442\\u043d\\u043e\\u0439 - \\u0421\\u0442\\u0435\\u0439\\u043a\\u0445\\u0430\\u0443\\u0441\"}}, {\"added\": {\"name\": \"\\u043f\\u0443\\u043d\\u043a\\u0442 \\u043c\\u0435\\u043d\\u044e \\u0440\\u0435\\u0441\\u0442\\u043e\\u0440\\u0430\\u043d\\u0430\", \"object\": \"Star Burger \\u0415\\u0432\\u0440\\u043e\\u043f\\u0435\\u0439\\u0441\\u043a\\u0438\\u0439 - \\u0421\\u0442\\u0435\\u0439\\u043a\\u0445\\u0430\\u0443\\u0441\"}}, {\"added\": {\"name\": \"\\u043f\\u0443\\u043d\\u043a\\u0442 \\u043c\\u0435\\u043d\\u044e \\u0440\\u0435\\u0441\\u0442\\u043e\\u0440\\u0430\\u043d\\u0430\", \"object\": \"\\u041d\\u0435\\u0432\\u0441\\u043a\\u0438\\u0439 - \\u0421\\u0442\\u0435\\u0439\\u043a\\u0445\\u0430\\u0443\\u0441\"}}, {\"added\": {\"name\": \"\\u043f\\u0443\\u043d\\u043a\\u0442 \\u043c\\u0435\\u043d\\u044e \\u0440\\u0435\\u0441\\u0442\\u043e\\u0440\\u0430\\u043d\\u0430\", \"object\": \"\\u0412\\u043a\\u0443\\u0441\\u043d\\u043e \\u0435\\u0448\\u044c - \\u0421\\u0442\\u0435\\u0439\\u043a\\u0445\\u0430\\u0443\\u0441\"}}]"
    }
  },
  {
    "model": "admin.logentry",
    "pk": 14,
    "fields": {
      "action_time": "2025-04-16T18:16:51.702Z",
      "user": 1,
      "content_type": 1,
      "object_id": "1",
      "object_repr": "Заказ №1 от 16-04-2025 18:16",
      "action_flag": 1,
      "change_message": "[{\"added\": {}}, {\"added\": {\"name\": \"\\u044d\\u043b\\u0435\\u043c\\u0435\\u043d\\u0442 \\u0437\\u0430\\u043a\\u0430\\u0437\\u0430\", \"object\": \"\\u0411\\u0435\\u043a\\u043e\\u043d\\u0430\\u0439\\u0437\\u0435\\u0440 x 1\"}}, {\"added\": {\"name\": \"\\u044d\\u043b\\u0435\\u043c\\u0435\\u043d\\u0442 \\u0437\\u0430\\u043a\\u0430\\u0437\\u0430\", \"object\": \"\\u041b\\u043e\\u043d\\u0433 \\u0427\\u0438\\u0437\\u0431\\u0443\\u0440\\u0433\\u0435\\u0440 x 2\"}}, {\"added\": {\"name\": \"\\u044d\\u043b\\u0435\\u043c\\u0435\\u043d\\u0442 \\u0437\\u0430\\u043a\\u0430\\u0437\\u0430\", \"object\": \"\\u0424\\u0438\\u0448 \\u0420\\u043e\\u043b\\u043b x 1\"}}]"
    }
  },
  {
    "model": "auth.user",
    "pk": 1,
    "fields": {
      "password": "pbkdf2_sha256$870000$rdAgzHOyXgOkcLb2LtcKpm$CTx741znb2IhdGh0AJZvv2GGahDhrklqwMaspBXaue8=",
      "last_login": "2025-04-15T18:24:06.797Z",
      "is_superuser": true,
      "username": "admin",
      "first_name": "",
      "last_name": "",
      "email": "",
      "is_staff": true,
      "is_active": true,
      "date_joined": "2025-04-15T18:21:11.739Z",
      "groups": [],
      "user_permissions": []
    }
  },
  {
    "model": "sessions.session",
    "pk": "81fpjoaia25ggcyo14igfkyyuvhfre8y",
    "fields": {
      "session_data": ".eJxVjDsOwjAQBe_iGln-rD9Q0nMGy95dcADZUpxUiLtDpBTQvpl5L5HyutS0Dp7TROIktDj8biXjg9sG6J7brUvsbZmnIjdF7nTISyd-nnf376DmUb81WK9VIQC4coiuONQGQkCFfCxsNbErCoxHtsqpQC6ThxiAI6rIYMT7A9HiN2s:1u4kx4:06RkefEbkJMV4AGAF-SQ8VmUSpgaV7RawAhPqANbaHU",
      "expire_date": "2025-04-29T18:24:06.821Z"
    }
  },
  {
    "model": "sessions.session",
    "pk": "sm1wpzqgjpsiaqcg8bsk1qiqapjj4ic7",
    "fields": {
      "session_data": ".eJxVjDsOwjAQBe_iGln-rD9Q0nMGy95dcADZUpxUiLtDpBTQvpl5L5HyutS0Dp7TROIktDj8biXjg9sG6J7brUvsbZmnIjdF7nTISyd-nnf376DmUb81WK9VIQC4coiuONQGQkCFfCxsNbErCoxHtsqpQC6ThxiAI6rIYMT7A9HiN2s:1u4kun:JW2CBJ4fUu2xsjwDohRE6QHsZEcnFBOngtbxQ8T9ip0",
      "expire_date": "2025-04-29T18:21:45.219Z"
    }
  }
]